,name,type,P,R,F
0,Nokia 6610,0,0.8041958041958042,0.7398373983739838,0.7706753074600486
1,Nokia 6610,1,0.8216783216783217,0.7164948453608248,0.7654902512185977
