,name,type,chunk,P,R,F
0,Apex AD2600 Progressive-scan DVD player,0,1,0.8528678304239401,0.5758157389635317,0.6874786419281564
