,name,type,P,R,F
0,Canon G3,hasil,0.7098039215686275,0.7980456026058632,0.7513427424137172
1,Canon G3,hasil_chunk,0.6588235294117647,0.8285714285714286,0.7340112994350283
2,Canon G3,hasil_clause,0.7098039215686275,0.7887640449438202,0.7472037635989415
