,name,type,chunk,P,R,F
0,Apex AD2600 Progressive-scan DVD player,0,0,0.7955112219451371,0.6697530864197531,0.7272354798211931
1,Canon G3,0,0,0.8313725490196079,0.7393767705382436,0.7826806515266176
2,Creative Labs Nomad Jukebox Zen Xtra 40GB,0,0,0.8893387314439946,0.6822339913336543,0.7721400398554619
3,Nikon coolpix 4300,0,0,0.7613636363636364,0.7126760563380282,0.7362157701578753
4,Nokia 6610,0,0,0.8006993006993007,0.8033395176252319,0.8020172362892235
