,name,type,chunk,P,R,F
0,Creative Labs Nomad Jukebox Zen Xtra 40GB,1,1,0.8893387314439946,0.6347537354731599,0.740783245293374
