,name,type,chunk,P,R,F
0,test data,0,1,0.3,0.625,0.4054054054054054
1,test data,1,1,0.4,0.5384615384615384,0.45901639344262296
